<?xml version="1.0" encoding="utf-8"?>
<modification>
	<name>JETIMPEX GTMetrix</name>
	<version>1.0</version>
	<author>www.templatemonster.com</author>
	<link>//www.templatemonster.com</link>
	<code>jetimpex_gtmetrix</code>
	<!-- catalog -->
	<file path="catalog/controller/product/category.php">
		<operation>
			<search><![CDATA[$data['thumb'] = $this->model_tool_image->resize($category_info['image']]]></search>
			<add position="after">
				<![CDATA[
				$data['thumb_width']  = $this->config->get('theme_' . $this->config->get('config_theme') . '_image_category_width');
				$data['thumb_height'] = $this->config->get('theme_' . $this->config->get('config_theme') . '_image_category_height');
				]]>
			</add>
		</operation>
		<operation>
			<search><![CDATA[$data['categories'][] = array(]]></search>
			<add position="before"><![CDATA[
				$image = $this->model_tool_image->resize($result['image'], $this->config->get('theme_' . $this->config->get('config_theme') . '_image_category_width'), $this->config->get('theme_' . $this->config->get('config_theme') . '_image_category_height'));
				]]>
			</add>
		</operation>
		<operation>
			<search><![CDATA['name' => $result['name'] . ($this->config->get('config_product_count') ? ' (' . $this->model_catalog_product->getTotalProducts($filter_data) . ')' : ''),]]></search>
			<add position="after">
				<![CDATA[
				'thumb'        => $image,
				]]>
			</add>
		</operation>
	</file>
</modification>