<?xml version="1.0" encoding="utf-8"?>
<modification>
	<name>JETIMPEX Product Zoom</name>
	<version>1.0</version>
	<author>www.templatemonster.com</author>
	<link>//www.templatemonster.com</link>
	<code>jetimpex_product_zoom</code>
	<!-- catalog -->
	<file path="catalog/controller/product/product.php">
		<operation>
			<search><![CDATA[public function index() {]]></search>
			<add position="after">
				<![CDATA[
				$data['zoom_type'] = $this->config->get('theme_' . $this->config->get('config_theme') . '_product_zoom_type');
				]]>
			</add>
		</operation>
	</file>
</modification>