<?xml version="1.0" encoding="utf-8"?>
<modification>
	<name>JETIMPEX Responsive</name>
	<version>1.0</version>
	<author>www.templatemonster.com</author>
	<link>//www.templatemonster.com</link>
	<code>jetimpex_responsive</code>
	<file path="catalog/controller/common/header.php">
		<operation>
			<search><![CDATA[$data['name']]]></search>
			<add position="before">
				<![CDATA[
				$data['responsive'] = $this->config->get('theme_' . $this->config->get('config_theme') . '_responsive');
				]]>
			</add>
		</operation>
	</file>
</modification>