<?xml version="1.0" encoding="utf-8"?>
<modification>
	<name>JETIMPEX Labels</name>
	<version>1.0</version>
	<author>www.templatemonster.com</author>
	<link>//www.templatemonster.com</link>
	<code>jetimpex_labels</code>
	<!-- real things -->
	<file path="catalog/controller/product/{category,product,search,special}.php|catalog/controller/extension/module/{special,latest,bestseller}.php">
		<operation>
			<search><![CDATA[$data['products'] = array();]]></search>
			<add position="before">
				<![CDATA[
				$data['label_sale']     = $this->config->get('theme_' . $this->config->get('config_theme') . '_label_sale');
				$data['label_discount'] = $this->config->get('theme_' . $this->config->get('config_theme') . '_label_discount');
				$data['label_new']      = $this->config->get('theme_' . $this->config->get('config_theme') . '_label_new');
				if ($this->config->get('theme_' . $this->config->get('config_theme') . '_label_new')) {
				$product_new = $this->model_catalog_product->getLatestProducts($this->config->get('theme_' . $this->config->get('config_theme') . '_label_new_limit'));
				}
				]]>
			</add>
		</operation>
		<operation>
			<search><![CDATA[$special = $this->currency->format]]></search>
			<add position="after">
				<![CDATA[
				$label_discount = '-' . (int)(100 - ($result['special'] * 100 / $result['price'])) . '%';
				]]>
			</add>
		</operation>
		<operation>
			<search><![CDATA[$special = false;]]></search>
			<add position="after">
				<![CDATA[
				$label_discount = false;
				]]>
			</add>
		</operation>
		<operation>
			<search><![CDATA['special'     => $special,]]></search>
			<add position="after">
				<![CDATA[
				'label_discount' => $label_discount,
				'label_new'      => $this->config->get('theme_' . $this->config->get('config_theme') . '_label_new') ? $label_new : 0,
				]]>
			</add>
		</operation>
		<operation>
			<search><![CDATA[if ($result['image']) {]]></search>
			<add position="before">
				<![CDATA[
				if ($this->config->get('theme_' . $this->config->get('config_theme') . '_label_new')) {
				$label_new = 0;
				foreach ($product_new as $product_new_id => $product) {
				if ($product_new[$product_new_id]['product_id'] == $result['product_id']) {
				$label_new = 1;
				break;
				}
				}
				}
				]]>
			</add>
		</operation>
	</file>
	<!-- featured -->
	<file path="catalog/controller/extension/module/featured.php">
		<operation>
			<search><![CDATA[$data['products'] = array();]]></search>
			<add position="after">
				<![CDATA[
				$data['label_sale']     = $this->config->get('theme_' . $this->config->get('config_theme') . '_label_sale');
				$data['label_discount'] = $this->config->get('theme_' . $this->config->get('config_theme') . '_label_discount');
				$data['label_new']      = $this->config->get('theme_' . $this->config->get('config_theme') . '_label_new');
				]]>
			</add>
		</operation>
		<operation>
			<search><![CDATA[$special = $this->currency->format]]></search>
			<add position="after">
				<![CDATA[
				$label_discount = '-' . (int)(100 - ($product_info['special'] * 100 / $product_info['price'])) . '%';
				]]>
			</add>
		</operation>
		<operation>
			<search><![CDATA[$special = false;]]></search>
			<add position="after">
				<![CDATA[
				$label_discount = false;
				]]>
			</add>
		</operation>
		<operation>
			<search><![CDATA['special'     => $special,]]></search>
			<add position="after">
				<![CDATA[
				'label_discount' => $label_discount,
				'label_new' => $this->config->get('theme_' . $this->config->get('config_theme') . '_label_new') ? $label_new : 0,
				]]>
			</add>
		</operation>
		<operation>
			<search><![CDATA[$products = array_slice($setting['product'], 0, (int)$setting['limit']);]]></search>
			<add position="after">
				<![CDATA[
				if ($this->config->get('theme_' . $this->config->get('config_theme') . '_label_new')) {
				$product_new = $this->model_catalog_product->getLatestProducts($this->config->get('theme_' . $this->config->get('config_theme') . '_label_new_limit'));
				}
				]]>
			</add>
		</operation>
		<operation>
			<search><![CDATA[$product_info = $this->model_catalog_product->getProduct($product_id);]]></search>
			<add position="after">
				<![CDATA[
				if ($this->config->get('theme_' . $this->config->get('config_theme') . '_label_new')) {
				$label_new = 0;
				foreach ($product_new as $product_new_id => $product) {
				if ($product_new[$product_new_id]['product_id'] == $product_id) {
				$label_new = 1;
				break;
				}
				}
				}
				]]>
			</add>
		</operation>
	</file>
	<!-- manufacturer -->
	<file path="catalog/controller/product/manufacturer.php">
		<operation>
			<search><![CDATA[$data['products'] = array();]]></search>
			<add position="before">
				<![CDATA[
				$data['label_sale']     = $this->config->get('theme_' . $this->config->get('config_theme') . '_label_sale');
				$data['label_discount'] = $this->config->get('theme_' . $this->config->get('config_theme') . '_label_discount');
				if ($this->config->get('theme_' . $this->config->get('config_theme') . '_label_new')) {
				$product_new = $this->model_catalog_product->getLatestProducts($this->config->get('theme_' . $this->config->get('config_theme') . '_label_new_limit'));
				}
				]]>
			</add>
		</operation>
		<operation>
			<search><![CDATA[$special = $this->currency->format]]></search>
			<add position="after">
				<![CDATA[
				$label_discount = '-' . (int)(100 - ($result['special'] * 100 / $result['price'])) . '%';
				]]>
			</add>
		</operation>
		<operation>
			<search><![CDATA[$special = false;]]></search>
			<add position="after">
				<![CDATA[
				$label_discount = false;
				]]>
			</add>
		</operation>
		<operation>
			<search><![CDATA['special'     => $special,]]></search>
			<add position="after">
				<![CDATA[
				'label_discount' => $label_discount,
				'label_new' => $this->config->get('theme_' . $this->config->get('config_theme') . '_label_new') ? $label_new : 0,
				]]>
			</add>
		</operation>
		<operation>
			<search><![CDATA[if ($result['image']) {]]></search>
			<add position="before">
				<![CDATA[
				if ($this->config->get('theme_' . $this->config->get('config_theme') . '_label_new')) {
				$label_new = 0;
				foreach ($product_new as $product_new_id => $product) {
				if ($product_new[$product_new_id]['product_id'] == $result['product_id']) {
				$label_new = 1;
				break;
				}
				}
				}
				]]>
			</add>
		</operation>
	</file>
	<!-- language -->
	<file path="catalog/language/en-gb/product/{category,manufacturer,product,search,special}.php|catalog/language/en-gb/extension/module/{featured,special,latest,bestseller}.php">
		<operation>
			<search index="0"><![CDATA[$_['text_]]></search>
			<add position="after">
				<![CDATA[
				$_['text_sale'] = 'Sale';
				$_['text_new']  = 'New';
				]]>
			</add>
		</operation>
	</file>
	<file path="catalog/language/ru-ru/product/{category,manufacturer,product,search,special}.php|catalog/language/ru-ru/extension/module/{featured,special,latest,bestseller}.php">
		<operation>
			<search index="0"><![CDATA[$_['text_]]></search>
			<add position="after">
				<![CDATA[
				$_['text_sale'] = 'Скидка';
				$_['text_new']  = 'Новый';
				]]>
			</add>
		</operation>
	</file>
</modification>