<?xml version="1.0" encoding="utf-8"?>
<modification>
	<name>JETIMPEX Header Cart</name>
	<version>1.0</version>
	<author>www.templatemonster.com</author>
	<link>//www.templatemonster.com</link>
	<code>jetimpex_cart</code>
	<file path="catalog/controller/{common,checkout}/cart.php">
		<operation>
			<search><![CDATA[= sprintf($this->language->get('text_items'),]]></search>
			<add position="after">
				<![CDATA[
				$data['text_items2'] = sprintf($this->language->get('text_items2'), $this->cart->countProducts() + (isset($this->session->data['vouchers']) ? count($this->session->data['vouchers']) : 0), $this->currency->format($total, $this->session->data['currency']));
				]]>
			</add>
		</operation>
	</file>
	<file path="catalog/language/en-gb/{common,checkout}/cart.php">
		<operation>
			<search><![CDATA[$_['text_items']]]></search>
			<add position="before">
				<![CDATA[
				$_['text_items']        = '%s <b>%s</b>';
				$_['text_items2']        = '%s';
				$_['text_shopping_cart'] = 'My Cart';
				$_['text_wishlist']      = 'Wishlist';
				$_['text_delete']        = 'Delete';
				$_['text_cancel']        = 'Cancel';
				]]>
			</add>
		</operation>
	</file>
	<file path="catalog/language/ru-ru/{common,checkout}/cart.php">
		<operation>
			<search><![CDATA[$_['text_recurring']]]></search>
			<add position="before">
				<![CDATA[
				$_['text_items']        = '%s <b>%s</b>';
				$_['text_items2']        = '%s';
				$_['text_shopping_cart'] = 'Корзина';
				$_['text_wishlist']      = 'Избранное';
				$_['text_delete']        = 'Удалить';
				$_['text_cancel']        = 'Отмена';
				]]>
			</add>
		</operation>
	</file>
	<file path="catalog/language/de-DE/{common,checkout}/cart.php">
		<operation>
			<search><![CDATA[$_['text_recurring']]]></search>
			<add position="before">
				<![CDATA[
				$_['text_items']        = '%s <b>%s</b>';
				$_['text_items2']        = '%s';
				$_['text_shopping_cart'] = 'Warenkorb';
				$_['text_wishlist']      = 'Wunschliste';
				$_['text_delete']        = 'Löschen';
				$_['text_cancel']        = 'Stornieren';
				]]>
			</add>
		</operation>
	</file>	
</modification>