<?xml version="1.0" encoding="utf-8"?>
<modification>
	<name>JETIMPEX NewsLetter</name>
	<version>1.0</version>
	<author>www.templatemonster.com</author>
	<link>//www.templatemonster.com</link>
	<code>jetimpex_newsletter</code>
	<file path="admin/controller/marketing/contact.php">
		<operation>
			<search><![CDATA[$this->load->model('sale/order');]]></search>
			<add position="after">
				<![CDATA[
				$this->load->model('extension/module/jetimpex_newsletter');
				]]>
			</add>
		</operation>
		<operation>
			<search><![CDATA[$results = $this->model_customer_customer->getCustomers($customer_data);]]></search>
			<add position="after">
				<![CDATA[
				$guest_results = $this->model_extension_module_jetimpex_newsletter->getNewsletters();
				foreach ($guest_results as $result) {
				$emails[] = $result['jetimpex_newsletter_email'];
				}
				]]>
			</add>
		</operation>
	</file>
	<file path="catalog/controller/account/register.php">
		<operation>
			<search><![CDATA[$this->load->model('account/customer');]]></search>
			<add position="after">
				<![CDATA[
				$this->load->model('extension/module/jetimpex_newsletter');
				]]>
			</add>
		</operation>
		<operation>
			<search><![CDATA[$this->customer->login($this->request->post['email'], $this->request->post['password']);]]></search>
			<add position="after">
				<![CDATA[
				$this->model_extension_module_jetimpex_newsletter->deleteNewsletter($this->request->post['email']);
				]]>
			</add>
		</operation>
	</file>
</modification>