<?xml version="1.0" encoding="utf-8"?>
<modification>
	<name>JETIMPEX Product Hover</name>
	<version>1.0</version>
	<author>www.templatemonster.com</author>
	<link>//www.templatemonster.com</link>
	<code>jetimpex_product_hover</code>
	<file path="catalog/controller/extension/module/{bestseller,featured,latest,special}.php|catalog/controller/product/{category,manufacturer,product,search,special}.php">
		<operation>
			<search><![CDATA['thumb'       => $image,]]></search>
			<add position="after">
				<![CDATA[
				'additional_thumb' => $additional_image,
				]]>
			</add>
		</operation>
	</file>
	<file path="catalog/controller/extension/module/featured.php">
		<operation>
			<search><![CDATA[if ($this->customer->isLogged() || !$this->config->get('config_customer_price')) {]]></search>
			<add position="before">
				<![CDATA[
				$additional_image = $this->model_catalog_product->getProductImages($product_id);
				if ($additional_image) {
				$additional_image = $this->model_tool_image->resize($additional_image[0]['image'], $setting['width'], $setting['height']);
				} else {
				$additional_image = false;
				}
				]]>
			</add>
		</operation>
	</file>
	<file path="catalog/controller/extension/module/{bestseller,latest,special}.php">
		<operation>
			<search><![CDATA[if ($this->customer->isLogged() || !$this->config->get('config_customer_price')) {]]></search>
			<add position="before">
				<![CDATA[
				$additional_image = $this->model_catalog_product->getProductImages($result['product_id']);
				if ($additional_image) {
				$additional_image = $this->model_tool_image->resize($additional_image[0]['image'], $setting['width'], $setting['height']);
				} else {
				$additional_image = false;
				}
				]]>
			</add>
		</operation>
	</file>
	<file path="catalog/controller/product/{category,manufacturer,search,special}.php">
		<operation>
			<search><![CDATA[if ($this->customer->isLogged() || !$this->config->get('config_customer_price')) {]]></search>
			<add position="before">
				<![CDATA[
				$additional_image = $this->model_catalog_product->getProductImages($result['product_id']);
				if ($additional_image) {
				$additional_image = $this->model_tool_image->resize($additional_image[0]['image'], $this->config->get('theme_' . $this->config->get('config_theme') . '_image_related_width'), $this->config->get('theme_' . $this->config->get('config_theme') . '_image_related_height'));
				} else {
				$additional_image = false;
				}
				]]>
			</add>
		</operation>
	</file>
	<file path="catalog/controller/product/product.php">
		<operation>
			<search index="1"><![CDATA[if ($this->customer->isLogged() || !$this->config->get('config_customer_price')) {]]></search>
			<add position="before">
				<![CDATA[
				$additional_image = $this->model_catalog_product->getProductImages($result['product_id']);
				if ($additional_image) {
				$additional_image = $this->model_tool_image->resize($additional_image[0]['image'], $this->config->get('theme_' . $this->config->get('config_theme') . '_image_related_width'), $this->config->get('theme_' . $this->config->get('config_theme') . '_image_related_height'));
				} else {
				$additional_image = false;
				}
				]]>
			</add>
		</operation>
	</file>
</modification>