<?xml version="1.0" encoding="utf-8"?>
<modification>
	<name>JETIMPEX QuickView</name>
	<version>1.0</version>
	<author>www.templatemonster.com</author>
	<link>//www.templatemonster.com</link>
	<code>jetimpex_ajax_quickview</code>
	<file path="catalog/language/en-gb/product/{category,manufacturer,search,special,product}.php|catalog/language/en-gb/extension/module/{special,bestseller,latest,featured}.php">
		<operation>
			<search index="0"><![CDATA[$_['text_]]></search>
			<add position="after">
				<![CDATA[
				$_['text_quick'] = 'Quick View';
				]]>
			</add>
		</operation>
	</file>
	<file path="catalog/language/ru-ru/product/{category,manufacturer,search,special,product}.php|catalog/language/ru-ru/extension/module/{special,bestseller,latest,featured}.php">
		<operation>
			<search index="0"><![CDATA[$_['text_]]></search>
			<add position="after">
				<![CDATA[
				$_['text_quick'] = 'Просмотр';
				]]>
			</add>
		</operation>
	</file>
</modification>