<?xml version="1.0" encoding="UTF-8" ?>
<modification>
	<name>JETIMPEX Installer</name>
	<version>1.0</version>
	<author>www.templatemonster.com</author>
	<link>//www.templatemonster.com</link>
	<code>jetimpex_installer</code>
	<file path="admin/controller/marketplace/install.php">
		<operation>
			<search><![CDATA['image/catalog/']]></search>
			<add position="before"><![CDATA[
				'admin/controller/simple_blog/',
				'admin/model/simple_blog/',
				'catalog/controller/simple_blog/',
				'catalog/model/simple_blog/',
				'catalog/controller/common/',
				'admin/view/template/simple_blog/',
				]]>
			</add>
		</operation>
	</file>
</modification>