<?xml version="1.0" encoding="utf-8"?>
<modification>
	<name>JETIMPEX Pages</name>
	<version>1.0</version>
	<author>www.templatemonster.com</author>
	<link>//www.templatemonster.com</link>
	<code>jetimpex_pages</code>
	<file path="catalog/language/en-gb/information/sitemap.php">
		<operation>
			<search><![CDATA[$_['text_contact']]]></search>
			<add position="after">
				<![CDATA[
				$_['text_category '] = 'Categories';
				$_['text_pages']     = 'Pages';
				]]>
			</add>
		</operation>
	</file>
	<file path="catalog/controller/product/compare.php">
		<operation>
			<search><![CDATA[ $json['success'] = sprintf($this->language->get('text_success'), $this->url->link('product/product', 'product_id=' . $this->request->post['product_id']), $product_info['name'], $this->url->link('product/compare'));]]></search>
			<add position="replace" offset="2"><![CDATA[]]></add>
		</operation>
		<operation>
			<search><![CDATA[ $this->session->data['compare'][] = $this->request->post['product_id'];]]></search>
			<add position="after">
				<![CDATA[
				$json['success'] = sprintf($this->language->get('text_success'), $this->url->link('product/product', 'product_id=' . $this->request->post['product_id']), $product_info['name'], $this->url->link('product/compare'));
				$json['total']   = sprintf($this->language->get('text_compare'), (isset($this->session->data['compare']) ? count($this->session->data['compare']) : 0));
				]]>
			</add>
		</operation>
	</file>
	<file path="catalog/language/en-gb/product/compare.php">
		<operation>
			<search><![CDATA[$_['text_reviews']]]></search>
			<add position="after">
				<![CDATA[
				$_['text_reviews'] = '%s reviews.';
				]]>
			</add>
		</operation>
		<operation>
			<search><![CDATA[ $_['text_summary']]]></search>
			<add position="after">
				<![CDATA[
				$_['text_info']    = 'This product already added in comparison list!';
				$_['text_warning'] = 'Maximum products to compare is 4. First added product has been removed from comparison list.';
				]]>
			</add>
		</operation>
	</file>
	<file path="catalog/language/ru-ru/product/compare.php">
		<operation>
			<search><![CDATA[$_['text_reviews']]]></search>
			<add position="after">
				<![CDATA[
				$_['text_reviews'] = 'Отзывов: %s';
				]]>
			</add>
		</operation>
		<operation>
			<search><![CDATA[$_['text_summary']]]></search>
			<add position="after">
				<![CDATA[
				$_['text_info']    = 'Данный товар уже добавлен в список сравнения!';
				$_['text_warning'] = 'Максимальное количество продуктов для сравнения - 4. Первый добавленный продукт удален со списка.';
				]]>
			</add>
		</operation>
	</file>
	<file path="system/library/pagination.php">
		<operation>
			<search><![CDATA[public $num_links = 8;]]></search>
			<add position="replace">
				<![CDATA[
				public $num_links = 3;
				]]>
			</add>
		</operation>
	</file>
	<file path="catalog/controller/information/{contact,information,sitemap}.php">
		<operation>
			<search><![CDATA[$data['footer']]]></search>
			<add position="before">
				<![CDATA[
				$data['top']    = $this->load->controller('common/top');
				$data['bottom'] = $this->load->controller('common/bottom');
				]]>
			</add>
		</operation>
	</file>
</modification>