<?xml version="1.0" encoding="utf-8"?>
<modification>
	<name>JETIMPEX Theme Path</name>
	<version>1.0</version>
	<author>www.templatemonster.com</author>
	<link>//www.templatemonster.com</link>
	<code>jetimpex_theme_path</code>
	<file path="catalog/controller/common/{header,footer}.php">
		<operation>
			<search><![CDATA[$this->load->language('common/]]></search>
			<add position="after">
				<![CDATA[
				$data['theme_path'] = $this->config->get('theme_' . $this->config->get('config_theme') . '_directory');
				]]>
			</add>
		</operation>
	</file>
</modification>