<?xml version="1.0" encoding="utf-8"?>
<modification>
	<name>JETIMPEX Positions</name>
	<version>1.0</version>
	<author>www.templatemonster.com</author>
	<link>//www.templatemonster.com</link>
	<code>jetimpex_positions</code>
	<!-- catalog controller -->
	<!-- haeder -->
	<file path="catalog/controller/common/header.php">
		<operation>
			<search><![CDATA[$this->document->getScripts]]></search>
			<add position="before">
				<![CDATA[
				$data['header_top'] = $this->load->controller('common/header_top');
				$data['navigation'] = $this->load->controller('common/navigation');
				]]>
			</add>
		</operation>
	</file>
	<!-- footer -->
	<file path="catalog/controller/common/footer.php">
		<operation>
			<search><![CDATA[$this->document->getScripts]]></search>
			<add position="before">
				<![CDATA[
				$data['footer_1'] = $this->load->controller('common/footer_1');
				$data['footer_2'] = $this->load->controller('common/footer_2');
				$data['footer_3'] = $this->load->controller('common/footer_3');
				$data['footer_4'] = $this->load->controller('common/footer_4');
				]]>
			</add>
		</operation>
	</file>
	<!-- home -->
	<file path="catalog/controller/common/home.php">
		<operation>
			<search><![CDATA[$data['content_bottom']]]></search>
			<add position="after">
				<![CDATA[
				$data['top']    = $this->load->controller('common/top');
				$data['bottom'] = $this->load->controller('common/bottom');
				]]>
			</add>
		</operation>
	</file>
	<!-- admin view -->
	<file path="admin/view/template/design/layout_form.twig">
		<!-- before contet top -->
		<operation>
			<search index="0"><![CDATA[<div class="row">]]></search>
			<add position="after">
				<![CDATA[
				<div class="col-xs-12">
					<table id="module-header-top" class="table table-striped table-bordered table-hover">
						<thead>
							<tr>
								<td class="text-center">{{ text_header_top }}</td>
							</tr>
						</thead>
						<tbody>
							{% for layout_module in layout_modules %}
							{% if layout_module.position == 'header_top' %}
							<tr id="module-row{{ module_row }}">
								<td class="text-left">
									<div class="input-group">
										<select name="layout_module[{{ module_row }}][code]" class="form-control input-sm">
											{% for extension in extensions %}
											<optgroup label="{{ extension.name }}">
												{% if not extension.module %}
												{% if extension.code == layout_module.code %}
												<option value="{{ extension.code }}" selected="selected">{{ extension.name }}</option>
												{% else %}
												<option value="{{ extension.code }}">{{ extension.name }}</option>
												{% endif %}
												{% else %}
												{% for module in extension.module %}
												{% if module.code == layout_module.code %}
												<option value="{{ module.code }}" selected="selected">{{ module.name }}</option>
												{% else %}
												<option value="{{ module.code }}">{{ module.name }}</option>
												{% endif %}
												{% endfor %}
												{% endif %}
											</optgroup>
											{% endfor %}
										</select>
										<input type="hidden" name="layout_module[{{ module_row }}][position]" value="{{ layout_module.position }}" />
										<input type="hidden" name="layout_module[{{ module_row }}][sort_order]" value="{{ layout_module.sort_order }}" />
										<div class="input-group-btn">
											<a href="{{ layout_module.edit }}" type="button" data-toggle="tooltip" title="{{ button_edit }}" target="_blank" class="btn btn-primary btn-sm">
												<i class="fa fa-pencil"></i>
											</a>
											<button type="button" onclick="$('#module-row{{ module_row }}').remove();" data-toggle="tooltip" title="{{ button_remove }}" class="btn btn-danger btn-sm">
												<i class="fa fa fa-minus-circle"></i>
											</button>
										</div>
									</div>
								</td>
							</tr>
							{% set module_row = module_row + 1 %}
							{% endif %}
							{% endfor %}
						</tbody>
						<tfoot>
							<tr>
								<td class="text-left">
									<div class="input-group">
										<select class="form-control input-sm">
											<option value=""></option>
											{% for extension in extensions %}
											<optgroup label="{{ extension.name }}">
												{% if not extension.module %}
												<option value="{{ extension.code }}">{{ extension.name }}</option>
												{% else %}
												{% for module in extension.module %}
												<option value="{{ module.code }}">{{ module.name }}</option>
												{% endfor %}
												{% endif %}
											</optgroup>
											{% endfor %}
										</select>
										<div class="input-group-btn">
											<button type="button" onclick="addModule('header-top');" data-toggle="tooltip" title="{{ button_module_add }}" class="btn btn-primary btn-sm">
												<i class="fa fa-plus-circle"></i>
											</button>
										</div>
									</div>
								</td>
							</tr>
						</tfoot>
					</table>
				</div>

				<div class="col-xs-12">
					<table id="module-navigation" class="table table-striped table-bordered table-hover">
						<thead>
							<tr>
								<td class="text-center">{{ text_navigation }}</td>
							</tr>
						</thead>
						<tbody>
							{% for layout_module in layout_modules %}
							{% if layout_module.position == 'navigation' %}
							<tr id="module-row{{ module_row }}">
								<td class="text-left">
									<div class="input-group">
										<select name="layout_module[{{ module_row }}][code]" class="form-control input-sm">
											{% for extension in extensions %}
											<optgroup label="{{ extension.name }}">
												{% if not extension.module %}
												{% if extension.code == layout_module.code %}
												<option value="{{ extension.code }}" selected="selected">{{ extension.name }}</option>
												{% else %}
												<option value="{{ extension.code }}">{{ extension.name }}</option>
												{% endif %}
												{% else %}
												{% for module in extension.module %}
												{% if module.code == layout_module.code %}
												<option value="{{ module.code }}" selected="selected">{{ module.name }}</option>
												{% else %}
												<option value="{{ module.code }}">{{ module.name }}</option>
												{% endif %}
												{% endfor %}
												{% endif %}
											</optgroup>
											{% endfor %}
										</select>
										<input type="hidden" name="layout_module[{{ module_row }}][position]" value="{{ layout_module.position }}" />
										<input type="hidden" name="layout_module[{{ module_row }}][sort_order]" value="{{ layout_module.sort_order }}" />
										<div class="input-group-btn">
											<a href="{{ layout_module.edit }}" type="button" data-toggle="tooltip" title="{{ button_edit }}" target="_blank" class="btn btn-primary btn-sm">
												<i class="fa fa-pencil"></i>
											</a>
											<button type="button" onclick="$('#module-row{{ module_row }}').remove();" data-toggle="tooltip" title="{{ button_remove }}" class="btn btn-danger btn-sm">
												<i class="fa fa fa-minus-circle"></i>
											</button>
										</div>
									</div>
								</td>
							</tr>
							{% set module_row = module_row + 1 %}
							{% endif %}
							{% endfor %}
						</tbody>
						<tfoot>
							<tr>
								<td class="text-left">
									<div class="input-group">
										<select class="form-control input-sm">
											<option value=""></option>
											{% for extension in extensions %}
											<optgroup label="{{ extension.name }}">
												{% if not extension.module %}
												<option value="{{ extension.code }}">{{ extension.name }}</option>
												{% else %}
												{% for module in extension.module %}
												<option value="{{ module.code }}">{{ module.name }}</option>
												{% endfor %}
												{% endif %}
											</optgroup>
											{% endfor %}
										</select>
										<div class="input-group-btn">
											<button type="button" onclick="addModule('navigation');" data-toggle="tooltip" title="{{ button_module_add }}" class="btn btn-primary btn-sm">
												<i class="fa fa-plus-circle"></i>
											</button>
										</div>
									</div>
								</td>
							</tr>
						</tfoot>
					</table>
				</div>

				<div class="col-xs-12">
					<table id="module-top" class="table table-striped table-bordered table-hover">
						<thead>
							<tr>
								<td class="text-center">{{ text_top }}</td>
							</tr>
						</thead>
						<tbody>
							{% for layout_module in layout_modules %}
							{% if layout_module.position == 'top' %}
							<tr id="module-row{{ module_row }}">
								<td class="text-left">
									<div class="input-group">
										<select name="layout_module[{{ module_row }}][code]" class="form-control input-sm">
											{% for extension in extensions %}
											<optgroup label="{{ extension.name }}">
												{% if not extension.module %}
												{% if extension.code == layout_module.code %}
												<option value="{{ extension.code }}" selected="selected">{{ extension.name }}</option>
												{% else %}
												<option value="{{ extension.code }}">{{ extension.name }}</option>
												{% endif %}
												{% else %}
												{% for module in extension.module %}
												{% if module.code == layout_module.code %}
												<option value="{{ module.code }}" selected="selected">{{ module.name }}</option>
												{% else %}
												<option value="{{ module.code }}">{{ module.name }}</option>
												{% endif %}
												{% endfor %}
												{% endif %}
											</optgroup>
											{% endfor %}
										</select>
										<input type="hidden" name="layout_module[{{ module_row }}][position]" value="{{ layout_module.position }}" />
										<input type="hidden" name="layout_module[{{ module_row }}][sort_order]" value="{{ layout_module.sort_order }}" />
										<div class="input-group-btn">
											<a href="{{ layout_module.edit }}" type="button" data-toggle="tooltip" title="{{ button_edit }}" target="_blank" class="btn btn-primary btn-sm">
												<i class="fa fa-pencil"></i>
											</a>
											<button type="button" onclick="$('#module-row{{ module_row }}').remove();" data-toggle="tooltip" title="{{ button_remove }}" class="btn btn-danger btn-sm">
												<i class="fa fa fa-minus-circle"></i>
											</button>
										</div>
									</div>
								</td>
							</tr>
							{% set module_row = module_row + 1 %}
							{% endif %}
							{% endfor %}
						</tbody>
						<tfoot>
							<tr>
								<td class="text-left">
									<div class="input-group">
										<select class="form-control input-sm">
											<option value=""></option>
											{% for extension in extensions %}
											<optgroup label="{{ extension.name }}">
												{% if not extension.module %}
												<option value="{{ extension.code }}">{{ extension.name }}</option>
												{% else %}
												{% for module in extension.module %}
												<option value="{{ module.code }}">{{ module.name }}</option>
												{% endfor %}
												{% endif %}
											</optgroup>
											{% endfor %}
										</select>
										<div class="input-group-btn">
											<button type="button" onclick="addModule('top');" data-toggle="tooltip" title="{{ button_module_add }}" class="btn btn-primary btn-sm">
												<i class="fa fa-plus-circle"></i>
											</button>
										</div>
									</div>
								</td>
							</tr>
						</tfoot>
					</table>
				</div>
				]]>
			</add>
		</operation>
		<!-- after Content Bottom -->
		<operation>
			<search index="1"><![CDATA[</fieldset>]]></search>
			<add position="before">
				<![CDATA[
				<div class="col-xs-12">
					<table id="module-bottom" class="table table-striped table-bordered table-hover">
						<thead>
							<tr>
								<td class="text-center">{{ text_bottom }}</td>
							</tr>
						</thead>
						<tbody>
							{% for layout_module in layout_modules %}
							{% if layout_module.position == 'bottom' %}
							<tr id="module-row{{ module_row }}">
								<td class="text-left">
									<div class="input-group">
										<select name="layout_module[{{ module_row }}][code]" class="form-control input-sm">
											{% for extension in extensions %}
											<optgroup label="{{ extension.name }}">
												{% if not extension.module %}
												{% if extension.code == layout_module.code %}
												<option value="{{ extension.code }}" selected="selected">{{ extension.name }}</option>
												{% else %}
												<option value="{{ extension.code }}">{{ extension.name }}</option>
												{% endif %}
												{% else %}
												{% for module in extension.module %}
												{% if module.code == layout_module.code %}
												<option value="{{ module.code }}" selected="selected">{{ module.name }}</option>
												{% else %}
												<option value="{{ module.code }}">{{ module.name }}</option>
												{% endif %}
												{% endfor %}
												{% endif %}
											</optgroup>
											{% endfor %}
										</select>
										<input type="hidden" name="layout_module[{{ module_row }}][position]" value="{{ layout_module.position }}" />
										<input type="hidden" name="layout_module[{{ module_row }}][sort_order]" value="{{ layout_module.sort_order }}" />
										<div class="input-group-btn">
											<a href="{{ layout_module.edit }}" type="button" data-toggle="tooltip" title="{{ button_edit }}" target="_blank" class="btn btn-primary btn-sm">
												<i class="fa fa-pencil"></i>
											</a>
											<button type="button" onclick="$('#module-row{{ module_row }}').remove();" data-toggle="tooltip" title="{{ button_remove }}" class="btn btn-danger btn-sm">
												<i class="fa fa fa-minus-circle"></i>
											</button>
										</div>
									</div>
								</td>
							</tr>
							{% set module_row = module_row + 1 %}
							{% endif %}
							{% endfor %}
						</tbody>
						<tfoot>
							<tr>
								<td class="text-left">
									<div class="input-group">
										<select class="form-control input-sm">
											<option value=""></option>
											{% for extension in extensions %}
											<optgroup label="{{ extension.name }}">
												{% if not extension.module %}
												<option value="{{ extension.code }}">{{ extension.name }}</option>
												{% else %}
												{% for module in extension.module %}
												<option value="{{ module.code }}">{{ module.name }}</option>
												{% endfor %}
												{% endif %}
											</optgroup>
											{% endfor %}
										</select>
										<div class="input-group-btn">
											<button type="button" onclick="addModule('bottom');" data-toggle="tooltip" title="{{ button_module_add }}" class="btn btn-primary btn-sm">
												<i class="fa fa-plus-circle"></i>
											</button>
										</div>
									</div>
								</td>
							</tr>
						</tfoot>
					</table>
				</div>

				<div class="col-xs-12 col-sm-12">
					<table id="module-footer_1" class="table table-striped table-bordered table-hover">
						<thead>
							<tr>
								<td class="text-center">{{ text_footer_1 }}</td>
							</tr>
						</thead>
						<tbody>
							{% for layout_module in layout_modules %}
							{% if layout_module.position == 'footer_1' %}
							<tr id="module-row{{ module_row }}">
								<td class="text-left">
									<div class="input-group">
										<select name="layout_module[{{ module_row }}][code]" class="form-control input-sm">
											{% for extension in extensions %}
											<optgroup label="{{ extension.name }}">
												{% if not extension.module %}
												{% if extension.code == layout_module.code %}
												<option value="{{ extension.code }}" selected="selected">{{ extension.name }}</option>
												{% else %}
												<option value="{{ extension.code }}">{{ extension.name }}</option>
												{% endif %}
												{% else %}
												{% for module in extension.module %}
												{% if module.code == layout_module.code %}
												<option value="{{ module.code }}" selected="selected">{{ module.name }}</option>
												{% else %}
												<option value="{{ module.code }}">{{ module.name }}</option>
												{% endif %}
												{% endfor %}
												{% endif %}
											</optgroup>
											{% endfor %}
										</select>
										<input type="hidden" name="layout_module[{{ module_row }}][position]" value="{{ layout_module.position }}" />
										<input type="hidden" name="layout_module[{{ module_row }}][sort_order]" value="{{ layout_module.sort_order }}" />
										<div class="input-group-btn">
											<a href="{{ layout_module.edit }}" type="button" data-toggle="tooltip" title="{{ button_edit }}" target="_blank" class="btn btn-primary btn-sm">
												<i class="fa fa-pencil"></i>
											</a>
											<button type="button" onclick="$('#module-row{{ module_row }}').remove();" data-toggle="tooltip" title="{{ button_remove }}" class="btn btn-danger btn-sm">
												<i class="fa fa fa-minus-circle"></i>
											</button>
										</div>
									</div>
								</td>
							</tr>
							{% set module_row = module_row + 1 %}
							{% endif %}
							{% endfor %}
						</tbody>
						<tfoot>
							<tr>
								<td class="text-left">
									<div class="input-group">
										<select class="form-control input-sm">
											<option value=""></option>
											{% for extension in extensions %}
											<optgroup label="{{ extension.name }}">
												{% if not extension.module %}
												<option value="{{ extension.code }}">{{ extension.name }}</option>
												{% else %}
												{% for module in extension.module %}
												<option value="{{ module.code }}">{{ module.name }}</option>
												{% endfor %}
												{% endif %}
											</optgroup>
											{% endfor %}
										</select>
										<div class="input-group-btn">
											<button type="button" onclick="addModule('footer_1');" data-toggle="tooltip" title="{{ button_module_add }}" class="btn btn-primary btn-sm">
												<i class="fa fa-plus-circle"></i>
											</button>
										</div>
									</div>
								</td>
							</tr>
						</tfoot>
					</table>
				</div>

				<div class="col-xs-12 col-sm-4">
					<table id="module-footer_2" class="table table-striped table-bordered table-hover">
						<thead>
							<tr>
								<td class="text-center">{{ text_footer_2 }}</td>
							</tr>
						</thead>
						<tbody>
							{% for layout_module in layout_modules %}
							{% if layout_module.position == 'footer_2' %}
							<tr id="module-row{{ module_row }}">
								<td class="text-left">
									<div class="input-group">
										<select name="layout_module[{{ module_row }}][code]" class="form-control input-sm">
											{% for extension in extensions %}
											<optgroup label="{{ extension.name }}">
												{% if not extension.module %}
												{% if extension.code == layout_module.code %}
												<option value="{{ extension.code }}" selected="selected">{{ extension.name }}</option>
												{% else %}
												<option value="{{ extension.code }}">{{ extension.name }}</option>
												{% endif %}
												{% else %}
												{% for module in extension.module %}
												{% if module.code == layout_module.code %}
												<option value="{{ module.code }}" selected="selected">{{ module.name }}</option>
												{% else %}
												<option value="{{ module.code }}">{{ module.name }}</option>
												{% endif %}
												{% endfor %}
												{% endif %}
											</optgroup>
											{% endfor %}
										</select>
										<input type="hidden" name="layout_module[{{ module_row }}][position]" value="{{ layout_module.position }}" />
										<input type="hidden" name="layout_module[{{ module_row }}][sort_order]" value="{{ layout_module.sort_order }}" />
										<div class="input-group-btn">
											<a href="{{ layout_module.edit }}" type="button" data-toggle="tooltip" title="{{ button_edit }}" target="_blank" class="btn btn-primary btn-sm">
												<i class="fa fa-pencil"></i>
											</a>
											<button type="button" onclick="$('#module-row{{ module_row }}').remove();" data-toggle="tooltip" title="{{ button_remove }}" class="btn btn-danger btn-sm">
												<i class="fa fa fa-minus-circle"></i>
											</button>
										</div>
									</div>
								</td>
							</tr>
							{% set module_row = module_row + 1 %}
							{% endif %}
							{% endfor %}
						</tbody>
						<tfoot>
							<tr>
								<td class="text-left">
									<div class="input-group">
										<select class="form-control input-sm">
											<option value=""></option>
											{% for extension in extensions %}
											<optgroup label="{{ extension.name }}">
												{% if not extension.module %}
												<option value="{{ extension.code }}">{{ extension.name }}</option>
												{% else %}
												{% for module in extension.module %}
												<option value="{{ module.code }}">{{ module.name }}</option>
												{% endfor %}
												{% endif %}
											</optgroup>
											{% endfor %}
										</select>
										<div class="input-group-btn">
											<button type="button" onclick="addModule('footer_2');" data-toggle="tooltip" title="{{ button_module_add }}" class="btn btn-primary btn-sm">
												<i class="fa fa-plus-circle"></i>
											</button>
										</div>
									</div>
								</td>
							</tr>
						</tfoot>
					</table>
				</div>

				<div class="col-xs-12 col-sm-4">
					<table id="module-footer_3" class="table table-striped table-bordered table-hover">
						<thead>
							<tr>
								<td class="text-center">{{ text_footer_3 }}</td>
							</tr>
						</thead>
						<tbody>
							{% for layout_module in layout_modules %}
							{% if layout_module.position == 'footer_3' %}
							<tr id="module-row{{ module_row }}">
								<td class="text-left">
									<div class="input-group">
										<select name="layout_module[{{ module_row }}][code]" class="form-control input-sm">
											{% for extension in extensions %}
											<optgroup label="{{ extension.name }}">
												{% if not extension.module %}
												{% if extension.code == layout_module.code %}
												<option value="{{ extension.code }}" selected="selected">{{ extension.name }}</option>
												{% else %}
												<option value="{{ extension.code }}">{{ extension.name }}</option>
												{% endif %}
												{% else %}
												{% for module in extension.module %}
												{% if module.code == layout_module.code %}
												<option value="{{ module.code }}" selected="selected">{{ module.name }}</option>
												{% else %}
												<option value="{{ module.code }}">{{ module.name }}</option>
												{% endif %}
												{% endfor %}
												{% endif %}
											</optgroup>
											{% endfor %}
										</select>
										<input type="hidden" name="layout_module[{{ module_row }}][position]" value="{{ layout_module.position }}" />
										<input type="hidden" name="layout_module[{{ module_row }}][sort_order]" value="{{ layout_module.sort_order }}" />
										<div class="input-group-btn">
											<a href="{{ layout_module.edit }}" type="button" data-toggle="tooltip" title="{{ button_edit }}" target="_blank" class="btn btn-primary btn-sm">
												<i class="fa fa-pencil"></i>
											</a>
											<button type="button" onclick="$('#module-row{{ module_row }}').remove();" data-toggle="tooltip" title="{{ button_remove }}" class="btn btn-danger btn-sm">
												<i class="fa fa fa-minus-circle"></i>
											</button>
										</div>
									</div>
								</td>
							</tr>
							{% set module_row = module_row + 1 %}
							{% endif %}
							{% endfor %}
						</tbody>
						<tfoot>
							<tr>
								<td class="text-left">
									<div class="input-group">
										<select class="form-control input-sm">
											<option value=""></option>
											{% for extension in extensions %}
											<optgroup label="{{ extension.name }}">
												{% if not extension.module %}
												<option value="{{ extension.code }}">{{ extension.name }}</option>
												{% else %}
												{% for module in extension.module %}
												<option value="{{ module.code }}">{{ module.name }}</option>
												{% endfor %}
												{% endif %}
											</optgroup>
											{% endfor %}
										</select>
										<div class="input-group-btn">
											<button type="button" onclick="addModule('footer_3');" data-toggle="tooltip" title="{{ button_module_add }}" class="btn btn-primary btn-sm">
												<i class="fa fa-plus-circle"></i>
											</button>
										</div>
									</div>
								</td>
							</tr>
						</tfoot>
					</table>
				</div>

				<div class="col-xs-12 col-sm-4">
					<table id="module-footer_4" class="table table-striped table-bordered table-hover">
						<thead>
							<tr>
								<td class="text-center">{{ text_footer_4 }}</td>
							</tr>
						</thead>
						<tbody>
							{% for layout_module in layout_modules %}
							{% if layout_module.position == 'footer_4' %}
							<tr id="module-row{{ module_row }}">
								<td class="text-left">
									<div class="input-group">
										<select name="layout_module[{{ module_row }}][code]" class="form-control input-sm">
											{% for extension in extensions %}
											<optgroup label="{{ extension.name }}">
												{% if not extension.module %}
												{% if extension.code == layout_module.code %}
												<option value="{{ extension.code }}" selected="selected">{{ extension.name }}</option>
												{% else %}
												<option value="{{ extension.code }}">{{ extension.name }}</option>
												{% endif %}
												{% else %}
												{% for module in extension.module %}
												{% if module.code == layout_module.code %}
												<option value="{{ module.code }}" selected="selected">{{ module.name }}</option>
												{% else %}
												<option value="{{ module.code }}">{{ module.name }}</option>
												{% endif %}
												{% endfor %}
												{% endif %}
											</optgroup>
											{% endfor %}
										</select>
										<input type="hidden" name="layout_module[{{ module_row }}][position]" value="{{ layout_module.position }}" />
										<input type="hidden" name="layout_module[{{ module_row }}][sort_order]" value="{{ layout_module.sort_order }}" />
										<div class="input-group-btn">
											<a href="{{ layout_module.edit }}" type="button" data-toggle="tooltip" title="{{ button_edit }}" target="_blank" class="btn btn-primary btn-sm">
												<i class="fa fa-pencil"></i>
											</a>
											<button type="button" onclick="$('#module-row{{ module_row }}').remove();" data-toggle="tooltip" title="{{ button_remove }}" class="btn btn-danger btn-sm">
												<i class="fa fa fa-minus-circle"></i>
											</button>
										</div>
									</div>
								</td>
							</tr>
							{% set module_row = module_row + 1 %}
							{% endif %}
							{% endfor %}
						</tbody>
						<tfoot>
							<tr>
								<td class="text-left">
									<div class="input-group">
										<select class="form-control input-sm">
											<option value=""></option>
											{% for extension in extensions %}
											<optgroup label="{{ extension.name }}">
												{% if not extension.module %}
												<option value="{{ extension.code }}">{{ extension.name }}</option>
												{% else %}
												{% for module in extension.module %}
												<option value="{{ module.code }}">{{ module.name }}</option>
												{% endfor %}
												{% endif %}
											</optgroup>
											{% endfor %}
										</select>
										<div class="input-group-btn">
											<button type="button" onclick="addModule('footer_4');" data-toggle="tooltip" title="{{ button_module_add }}" class="btn btn-primary btn-sm">
												<i class="fa fa-plus-circle"></i>
											</button>
										</div>
									</div>
								</td>
							</tr>
						</tfoot>
					</table>
				</div>
				]]>
			</add>
		</operation>
		<!-- scripts -->
		<operation>
			<search><![CDATA[$('#module-column-left, #module-column-right, #module-content-top, #module-content-bottom').delegate('select[name*=\'code\']', 'change', function() {]]></search>
			<add position="replace">
				<![CDATA[$('#module-column-left, #module-column-right, #module-content-top, #module-content-bottom, #module-header-top, #module-navigation, #module-top, #module-bottom, #module-footer_1, #module-footer_2, #module-footer_3, #module-footer_4').delegate('select[name*=\'code\']', 'change', function() {]]>
			</add>
		</operation>
		<operation>
			<search><![CDATA[$('#module-column-left, #module-column-right, #module-content-top, #module-content-bottom').trigger('change');]]></search>
			<add position="replace">
				<![CDATA[$('#module-column-left, #module-column-right, #module-content-top, #module-content-bottom, #module-header-top, #module-navigation, #module-top, #module-bottom, #module-footer_1, #module-footer_2, #module-footer_3, #module-footer_4').trigger('change');]]>
			</add>
		</operation>
	</file>
	<!-- admin language -->
	<file path="admin/language/en-gb/design/layout.php">
		<operation>
			<search><![CDATA[$_['text_content_top']]]></search>
			<add position="after">
				<![CDATA[
				$_['text_header_top'] = 'Header Top';
				$_['text_navigation'] = 'Navigation';
				$_['text_top']        = 'Top';
				$_['text_bottom']     = 'Bottom';
				$_['text_footer_1']   = 'Footer 1';
				$_['text_footer_2']   = 'Footer 2';
				$_['text_footer_3']   = 'Footer 3';
				$_['text_footer_4']   = 'Footer 4';
				]]>
			</add>
		</operation>
	</file>
</modification>