<?xml version="1.0" encoding="utf-8"?>
<modification>
	<name>JETIMPEX Header</name>
	<version>1.0</version>
	<author>www.templatemonster.com</author>
	<link>//www.templatemonster.com</link>
	<code>jetipmex_header</code>
	<file path="catalog/controller/common/header.php">
		<operation>
			<search><![CDATA[$this->load->language('common/header');]]></search>
			<add position="after"><![CDATA[
				$data['text_compare'] = sprintf($this->language->get('text_compare'), (isset($this->session->data['compare']) ? count($this->session->data['compare']) : 0));
				]]>
			</add>
		</operation>
		<operation>
			<search><![CDATA[$data['telephone'] = $this->config->get('config_telephone');]]></search>
			<add position="after">
				<![CDATA[
				$data['compare'] = $this->url->link('product/compare');
				]]>
			</add>
		</operation>
		<operation>
			<search><![CDATA[$this->load->language('common/header');]]></search>
			<add position="after">
				<![CDATA[
					$data['home_page'] = false;
					if (!isset($this->request->get['route']) || $this->request->get['route'] == 'common/home') {
						$data['home_page'] = true;
					}
				]]>
			</add>
		</operation>
	</file>
	<!-- languages -->
	<file path="catalog/language/en-gb/common/header.php">
		<operation>
			<search index="0"><![CDATA[$_['text_]]></search>
			<add position="after">
				<![CDATA[
				$_['text_compare'] = 'Product Compare (%s)';
				]]>
			</add>
		</operation>
	</file>
	<file path="catalog/language/ru-ru/common/header.php">
		<operation>
			<search index="0"><![CDATA[$_['text_]]></search>
			<add position="after">
				<![CDATA[
				$_['text_compare'] = 'Сравнение товаров (%s)';
				]]>
			</add>
		</operation>
	</file>
</modification>
